Code,Searched keyword,Number of all Job,Date time
110,ทหารชั้นสัญญาบัตร,0,13/05/2022 16:35:51
210,ทหารชั้นประทวน,11,13/05/2022 16:35:57
310,ทหารยศอื่นๆ ,0,13/05/2022 16:36:06
1111,ผู้บัญญัติกฎหมาย,1,13/05/2022 16:36:12
1112,ข้าราชการระดับอาวุโส,0,13/05/2022 16:36:17
1113,ผู้นำตามประเพณีและหัวหน้าหมู่บ้าน,0,13/05/2022 16:36:23
1114,เจ้าหน้าที่ระดับอาวุโสขององค์การที่ดำเนินการเพื่อผลประโยชน์เฉพาะอย่าง,0,13/05/2022 16:36:28
1120,กรรมการผู้จัดการและผู้บริหารระดับสูง,3,13/05/2022 16:36:35
1211,ผู้จัดการด้านการเงิน,133,13/05/2022 16:36:41
1212,ผู้จัดการด้านทรัพยากรบุคคล,36,13/05/2022 16:36:52
1213,ผู้จัดการด้านนโยบายและแผน,17,13/05/2022 16:36:59
1219,ผู้จัดการด้านการบริการธุรกิจและการบริหารจัดการ  ซึ่งมิได้จัดประเภทไว้ในที่อื่น,0,13/05/2022 16:37:05
1221,ผู้จัดการด้านการขายและการตลาด,72,13/05/2022 16:37:12
1222,ผู้จัดการด้านโฆษณาและประชาสัมพันธ์,6,13/05/2022 16:37:24
1223,ผู้จัดการด้านวิจัยและพัฒนา,15,13/05/2022 16:37:30
1311,ผู้จัดการด้านการผลิตในภาคการเกษตรและการป่าไม้,0,13/05/2022 16:37:36
1312,ผู้จัดการด้านการผลิตในภาคการเพาะเลี้ยงสัตว์น้ำและการประมง,0,13/05/2022 16:37:43
1321,ผู้จัดการด้านการผลิต,139,13/05/2022 16:37:50
1322,ผู้จัดการด้านการทำเหมือง,3,13/05/2022 16:38:02
1323,ผู้จัดการด้านการก่อสร้าง,49,13/05/2022 16:38:09
1324,ผู้จัดการด้านการจัดหาและจัดส่งสินค้า,12,13/05/2022 16:38:17
1330,ผู้จัดการด้านการบริการเทคโนโลยีสารสนเทศและการสื่อสาร,4,13/05/2022 16:38:25
1341,ผู้จัดการด้านการบริการดูแลเด็ก,1,13/05/2022 16:38:33
1342,ผู้จัดการด้านการบริการสุขภาพ,23,13/05/2022 16:38:39
1343,ผู้จัดการด้านการบริการดูแลผู้สูงอายุ,2,13/05/2022 16:38:47
1344,ผู้จัดการด้านงานสังคมสงเคราะห์,1,13/05/2022 16:38:53
1345,ผู้จัดการด้านการศึกษา,114,13/05/2022 16:38:58
1346,ผู้จัดการสาขาด้านการบริการทางการเงินและการประกันภัย,5,13/05/2022 16:39:09
1349,ผู้จัดการด้านการบริการวิชาชีพ   ซึ่งมิได้จัดประเภทไว้ในที่อื่น,0,13/05/2022 16:39:18
1411,ผู้จัดการโรงแรม,20,13/05/2022 16:39:25
1412,ผู้จัดการภัตตาคาร/ร้านอาหาร,0,13/05/2022 16:39:33
1420,ผู้จัดการด้านการค้าปลีกและค้าส่ง,4,13/05/2022 16:39:39
1431,ผู้จัดการด้านการกีฬา  นันทนาการ  และศูนย์วัฒนธรรม,0,13/05/2022 16:39:45
1439,ผู้จัดการด้านการบริการ  ซึ่งมิได้จัดประเภทไว้ในที่อื่น,0,13/05/2022 16:39:52
2111,นักฟิสิกส์และนักดาราศาสตร์,0,13/05/2022 16:39:59
2112,นักอุตุนิยมวิทยา,0,13/05/2022 16:40:04
2113,นักเคมี,26,13/05/2022 16:40:10
2114,นักธรณีวิทยาและนักธรณีฟิสิกส์,0,13/05/2022 16:40:17
2120,นักคณิตศาสตร์ นักคณิตศาสตร์ประกันภัย และนักสถิติ,0,13/05/2022 16:40:23
2131,นักชีววิทยา นักพฤกษศาสตร์ นักสัตวศาสตร์  และผู้ประกอบวิชาชีพที่เกี่ยวข้อง,0,13/05/2022 16:40:30
2132,ผู้ให้คำปรึกษาด้านการเกษตร  การป่าไม้  และการประมง,0,13/05/2022 16:40:37
2133,ผู้ประกอบวิชาชีพด้านการรักษาสิ่งแวดล้อม,0,13/05/2022 16:40:43
2141,วิศวกรอุตสาหการและการผลิต,16,13/05/2022 16:40:50
2142,วิศวกรโยธา,63,13/05/2022 16:40:57
2143,วิศวกรสิ่งแวดล้อม,24,13/05/2022 16:41:06
2144,วิศวกรเครื่องกล,199,13/05/2022 16:41:17
2145,วิศวกรเคมี,43,13/05/2022 16:41:28
2146,วิศวกรเหมืองแร่  นักโลหะกรรม  และผู้ประกอบวิชาชีพที่เกี่ยวข้อง,0,13/05/2022 16:41:35
2149,วิศวกร (ยกเว้นวิศวกรเทคโนโลยีไฟฟ้า) ซึ่งมิได้จัดประเภทไว้ในที่อื่น,0,13/05/2022 16:41:42
2151,วิศวกรไฟฟ้า,135,13/05/2022 16:41:49
2152,วิศวกรอิเล็กทรอนิกส์,57,13/05/2022 16:42:00
2153,วิศวกรโทรคมนาคม,43,13/05/2022 16:42:10
2161,สถาปนิกก่อสร้าง,29,13/05/2022 16:42:18
2162,นักภูมิสถาปัตย์,1,13/05/2022 16:42:24
2163,นักออกแบบผลิตภัณฑ์และเครื่องแต่งกาย,2,13/05/2022 16:42:31
2164,นักวางผังเมืองและระบบการจราจร,0,13/05/2022 16:42:37
2165,นักทำแผนที่และนักสำรวจ,1,13/05/2022 16:42:42
2166,นักออกแบบภาพกราฟฟิกและสื่อผสม,0,13/05/2022 16:42:48
2211,แพทย์ทั่วไป,14,13/05/2022 16:42:53
2212,แพทย์เฉพาะทาง,40,13/05/2022 16:43:00
2221,พยาบาลวิชาชีพ,45,13/05/2022 16:43:07
2222,ผดุงครรภ์วิชาชีพ,2,13/05/2022 16:43:15
2230,แพทย์แผนโบราณและแพทย์ทางเลือก,0,13/05/2022 16:43:20
2240,ผู้ช่วยแพทย์,108,13/05/2022 16:43:26
2250,สัตวแพทย์,13,13/05/2022 16:43:36
2261,ทันตแพทย์,33,13/05/2022 16:43:42
2262,เภสัชกร,43,13/05/2022 16:43:49
2263,ผู้ประกอบวิชาชีพด้านสุขภาพและสุขอนามัยที่เกี่ยวข้องกับสิ่งแวดล้อมและการประกอบวิชาชีพ,0,13/05/2022 16:43:57
2264,นักกายภาพบำบัด,16,13/05/2022 16:44:04
2265,ผู้เชี่ยวชาญเกี่ยวกับอาหารเพื่อสุขภาพและนักโภชนาการ,0,13/05/2022 16:44:09
2266,ผู้ประกอบวิชาชีพด้านแก้ไขการได้ยินและการพูด,0,13/05/2022 16:44:17
2267,นักทัศนมาตรวิชาชีพและผู้เชี่ยวชาญการตรวจวัดสายตา,0,13/05/2022 16:44:24
2269,ผู้ประกอบวิชาชีพอื่นๆ ด้านสุขภาพ ซึ่งมิได้จัดประเภทไว้ในที่อื่น,0,13/05/2022 16:44:30
2310,ครูสอนระดับมหาวิทยาลัยและระดับอุดมศึกษา,0,13/05/2022 16:44:37
2320,ครูสอนระดับอาชีวศึกษา,0,13/05/2022 16:44:43
2330,ครูสอนระดับมัธยมศึกษา,1,13/05/2022 16:44:49
2341,ครูสอนระดับประถมศึกษา,3,13/05/2022 16:44:54
2342,ครูสอนระดับปฐมวัย,1,13/05/2022 16:44:59
2351,ผู้เชี่ยวชาญด้านการศึกษา,53,13/05/2022 16:45:04
2352,ครูสอนการศึกษาพิเศษ,9,13/05/2022 16:45:13
2353,ครูสอนภาษาอื่นๆ,0,13/05/2022 16:45:19
2354,ครูสอนดนตรีอื่นๆ,0,13/05/2022 16:45:24
2355,ครูสอนศิลปะอื่นๆ,0,13/05/2022 16:45:29
2356,ผู้ฝึกอบรมด้านเทคโนโลยีสารสนเทศ,18,13/05/2022 16:45:33
2359,ผู้ประกอบวิชาชีพอื่นๆ  ด้านการสอน ซึ่งมิได้จัดประเภทไว้ในที่อื่น,0,13/05/2022 16:45:40
2411,นักบัญชี,124,13/05/2022 16:45:48
2412,ผู้ให้คำปรึกษาด้านการเงินและการลงทุน,3,13/05/2022 16:46:00
2413,นักวิเคราะห์การเงิน,17,13/05/2022 16:46:07
2421,นักวิเคราะห์ด้านการบริหารและองค์การ,0,13/05/2022 16:46:13
2422,ผู้ประกอบวิชาชีพด้านนโยบายการบริหาร,0,13/05/2022 16:46:19
2423,ผู้ประกอบวิชาชีพด้านงานบุคคลและอาชีพ,0,13/05/2022 16:46:26
2424,ผู้ประกอบวิชาชีพด้านการฝึกอบรมและการพัฒนาพนักงาน,2,13/05/2022 16:46:33
2431,ผู้ประกอบวิชาชีพด้านโฆษณาและการตลาด,0,13/05/2022 16:46:40
2432,ผู้ประกอบวิชาชีพด้านการประชาสัมพันธ์,0,13/05/2022 16:46:47
2433,ผู้ประกอบวิชาชีพการขายด้านเทคนิคและด้านการแพทย์ (ยกเว้นด้านเทคโนโลยีสารสนเทศและการสื่อสาร),0,13/05/2022 16:46:52
2434,ผู้ประกอบวิชาชีพการขายด้านเทคโนโลยีสารสนเทศและการสื่อสาร,0,13/05/2022 16:47:02
2511,นักวิเคราะห์ระบบคอมพิวเตอร์,4,13/05/2022 16:47:10
2512,นักพัฒนาซอฟต์แวร์,9,13/05/2022 16:47:16
2513,นักพัฒนาเว็บไซต์และสื่อผสม ,0,13/05/2022 16:47:22
2514,โปรแกรมเมอร์,43,13/05/2022 16:47:27
2519,นักวิเคราะห์และพัฒนาซอฟต์แวร์และโปรแกรมประยุกต์   ซึ่งมิได้จัดประเภทไว้ในที่อื่น,0,13/05/2022 16:47:34
2521,นักออกแบบและผู้บริหารฐานข้อมูล,0,13/05/2022 16:47:44
2522,ผู้บริหารระบบงานคอมพิวเตอร์,37,13/05/2022 16:47:50
2523,ผู้ประกอบวิชาชีพด้านเครือข่ายคอมพิวเตอร์,0,13/05/2022 16:47:59
2529,ผู้ประกอบวิชาชีพด้านฐานข้อมูลและเครือข่าย  ซึ่งมิได้จัดประเภทไว้ในที่อื่น,0,13/05/2022 16:48:06
2611,ทนายความ,52,13/05/2022 16:48:14
2612,ผู้พิพากษา,6,13/05/2022 16:48:21
2619,ผู้ประกอบวิชาชีพด้านกฎหมาย ซึ่งมิได้จัดประเภทไว้ในที่อื่น,0,13/05/2022 16:48:30
2621,ผู้เก็บหรือดูแลเอกสารหรือบันทึกสำคัญ  และภัณฑารักษ์,0,13/05/2022 16:48:37
2622,บรรณารักษ์และผู้ประกอบวิชาชีพด้านงานสารสนเทศที่เกี่ยวข้อง,0,13/05/2022 16:48:43
2631,นักเศรษฐศาสตร์,9,13/05/2022 16:48:50
2632,นักสังคมวิทยา นักมานุษยวิทยา   และผู้ประกอบวิชาชีพที่เกี่ยวข้อง,0,13/05/2022 16:48:58
2633,นักปรัชญา นักประวัติศาสตร์  และนักรัฐศาสตร์,0,13/05/2022 16:49:04
2634,นักจิตวิทยา,5,13/05/2022 16:49:10
2635,ผู้ประกอบวิชาชีพด้านสังคมสงเคราะห์และให้คำปรึกษา,0,13/05/2022 16:49:15
2636,ผู้ประกอบวิชาชีพด้านศาสนา,0,13/05/2022 16:49:21
2641,นักประพันธ์และนักเขียนอื่นๆ,0,13/05/2022 16:49:26
2642,นักหนังสือพิมพ์,0,13/05/2022 16:49:32
2643,นักแปล ล่าม และนักภาษาศาสตร์อื่นๆ,0,13/05/2022 16:49:37
2651,นักทัศนศิลป์,0,13/05/2022 16:49:43
2652,นักดนตรี นักร้อง  และนักประพันธ์เพลง,0,13/05/2022 16:49:48
2653,นักเต้นรำและนักออกแบบท่าเต้น,0,13/05/2022 16:49:53
2654,ผู้กำกับและผู้ผลิตภาพยนตร์ ละคร และงานสาขาอื่นๆ ที่เกี่ยวข้อง,0,13/05/2022 16:49:59
2655,นักแสดง,34,13/05/2022 16:50:06
2656,ผู้ประกาศทางวิทยุ โทรทัศน์  และผู้ประกาศด้านอื่นๆ,0,13/05/2022 16:50:12
2659,ผู้สร้างสรรค์งานศิลปะและศิลปินการแสดง  ซึ่งมิได้จัดประเภทไว้ในที่อื่น,0,13/05/2022 16:50:19
3111,ช่างเทคนิคด้านเคมีและวิทยาศาสตร์กายภาพ,0,13/05/2022 16:50:25
3112,ช่างเทคนิคด้านวิศวกรรมโยธา,1,13/05/2022 16:50:31
3113,ช่างเทคนิคด้านวิศวกรรมไฟฟ้า,3,13/05/2022 16:50:36
3114,ช่างเทคนิคด้านวิศวกรรมอิเล็กทรอนิกส์,1,13/05/2022 16:50:42
3115,ช่างเทคนิคด้านวิศวกรรมเครื่องกล,1,13/05/2022 16:50:48
3116,ช่างเทคนิคด้านวิศวกรรมเคมี,0,13/05/2022 16:50:53
3117,ช่างเทคนิคด้านเหมืองแร่และโลหะวิทยา,0,13/05/2022 16:50:58
3118,ช่างเขียนแบบ,68,13/05/2022 16:51:03
3119,ช่างเทคนิคด้านวิทยาศาสตร์กายภาพและวิศวกรรมศาสตร์  ซึ่งมิได้จัดประเภทไว้ในที่อื่น,0,13/05/2022 16:51:13
3121,หัวหน้าคุมงานด้านเหมืองแร่,0,13/05/2022 16:51:20
3122,หัวหน้าคุมงานด้านการผลิต,2,13/05/2022 16:51:26
3123,หัวหน้าคุมงานด้านการก่อสร้าง,4,13/05/2022 16:51:34
3131,ช่างเทคนิคควบคุมเครื่องจักรโรงงานผลิตพลังงาน,0,13/05/2022 16:51:40
3132,ช่างเทคนิคควบคุมเครื่องจักรไอน้ำและหม้อน้ำ,0,13/05/2022 16:51:46
3133,ช่างเทคนิคควบคุมเครื่องจักรโรงงานแปรรูปทางเคมี,0,13/05/2022 16:51:53
3134,ช่างเทคนิคควบคุมเครื่องจักรโรงงานกลั่นปิโตรเลียมและก๊าซธรรมชาติ,0,13/05/2022 16:51:59
3135,ช่างเทคนิคควบคุมกระบวนการผลิตโลหะ,0,13/05/2022 16:52:06
3139,ช่างเทคนิคควบคุมกระบวนการอื่นๆ  ซึ่งมิได้จัดประเภทไว้ในที่อื่น,0,13/05/2022 16:52:12
3141,เจ้าหน้าที่เทคนิคด้านวิทยาศาสตร์สิ่งมีชีวิต  (ยกเว้นแพทย์),0,13/05/2022 16:52:21
3142,เจ้าหน้าที่เทคนิคด้านการเกษตรและการประมง,0,13/05/2022 16:52:28
3143,เจ้าหน้าที่เทคนิคด้านการป่าไม้,0,13/05/2022 16:52:34
3151,ช่างเทคนิคหรือช่างเครื่องประจำเรือ,0,13/05/2022 16:52:39
3152,เจ้าหน้าที่ประจำห้องบังคับการเรือและผู้นำร่อง,0,13/05/2022 16:52:45
3153,นักบินและผู้ประกอบวิชาชีพอื่นๆ ที่เกี่ยวข้อง,0,13/05/2022 16:52:51
3154,ผู้ควบคุมการจราจรทางอากาศ,0,13/05/2022 16:52:57
3155,ช่างเทคนิคความปลอดภัยด้านการจราจรทางอากาศ,0,13/05/2022 16:53:02
3211,เจ้าหน้าที่เทคนิคด้านการสร้างภาพทางการแพทย์และอุปกรณ์การบำบัดรักษาโรค,0,13/05/2022 16:53:08
3212,เจ้าหน้าที่เทคนิคในห้องปฏิบัติการทางการแพทย์และพยาธิวิทยา,0,13/05/2022 16:53:13
3213,เจ้าหน้าที่เทคนิคด้านเภสัชกรรมและผู้ช่วย,0,13/05/2022 16:53:20
3214,เจ้าหน้าที่เทคนิคด้านอุปกรณ์การแพทย์เทียมและฟันเทียม,0,13/05/2022 16:53:26
3221,ผู้ประกอบวิชาชีพที่เกี่ยวข้องกับการพยาบาล,0,13/05/2022 16:53:33
3222,ผู้ประกอบวิชาชีพที่เกี่ยวข้องกับการผดุงครรภ์,0,13/05/2022 16:53:39
3230,ผู้ประกอบวิชาชีพที่เกี่ยวข้องกับแพทย์แผนโบราณและแพทย์ทางเลือก,0,13/05/2022 16:53:45
3240,ผู้ช่วยและผู้ประกอบวิชาชีพที่เกี่ยวข้องกับสัตวแพทย์,0,13/05/2022 16:53:52
3251,ผู้ช่วยทันตแพทย์และนักทันตกรรมบำบัด,0,13/05/2022 16:53:59
3252,เจ้าหน้าที่เวชระเบียนและเจ้าหน้าที่เทคนิคด้านข้อมูลสุขภาพ,0,13/05/2022 16:54:05
3253,เจ้าหน้าที่ด้านสุขภาพของชุมชน,0,13/05/2022 16:54:11
3254,ผู้ตรวจวัดสายตาและช่างประกอบแว่นตา,0,13/05/2022 16:54:17
3255,เจ้าหน้าที่เทคนิคและผู้ช่วยด้านกายภาพบำบัด,0,13/05/2022 16:54:24
3256,ผู้ช่วยด้านการแพทย์,19,13/05/2022 16:54:30
3257,ผู้ตรวจสอบด้านสิ่งแวดล้อม การทำงาน สุขภาพ และงานที่เกี่ยวข้อง,0,13/05/2022 16:54:36
3258,ผู้ปฏิบัติงานด้านรถพยาบาล,2,13/05/2022 16:54:43
3259,ผู้ประกอบวิชาชีพอื่นๆ  ที่เกี่ยวข้องกับด้านสุขภาพ   ซึ่งมิได้จัดประเภทไว้ในที่อื่น,0,13/05/2022 16:54:49
3311,นายหน้าค้าหลักทรัพย์และการเงิน,5,13/05/2022 16:54:56
3312,เจ้าหน้าที่สินเชื่อและให้กู้ยืม,1,13/05/2022 16:55:02
3313,ผู้ประกอบวิชาชีพที่เกี่ยวข้องทางด้านบัญชี,0,13/05/2022 16:55:08
3314,ผู้ประกอบวิชาชีพที่เกี่ยวข้องกับด้านสถิติ คณิตศาสตร์  และคณิตศาสตร์ประกันภัย,0,13/05/2022 16:55:15
3315,ผู้ประเมินราคาและมูลค่าความเสียหาย,0,13/05/2022 16:55:23
3321,ตัวแทนขายประกันภัย,8,13/05/2022 16:55:30
3322,ตัวแทนขายด้านการค้า,28,13/05/2022 16:55:36
3323,ผู้จัดซื้อ,465,13/05/2022 16:55:43
3324,นายหน้าทางการค้า,7,13/05/2022 16:55:53
3331,ตัวแทนพิธีการศุลกากรและตัวแทนผู้รับจัดการขนส่งสินค้า,2,13/05/2022 16:55:58
3332,นักวางแผนการจัดงานและการประชุม,1,13/05/2022 16:56:05
3333,ตัวแทนจัดหางานและผู้ทำสัญญาด้านแรงงาน,0,13/05/2022 16:56:10
3334,ตัวแทนอสังหาริมทรัพย์และผู้จัดการทรัพย์สิน,0,13/05/2022 16:56:16
3339,ตัวแทนการให้บริการทางธุรกิจ   ซึ่งมิได้จัดประเภทไว้ในที่อื่น,0,13/05/2022 16:56:23
3341,หัวหน้าคุมงานในสำนักงาน,1,13/05/2022 16:56:30
3342,เลขานุการด้านกฎหมาย,2,13/05/2022 16:56:36
3343,เลขานุการด้านการบริหารและเลขานุการผู้บริหาร,7,13/05/2022 16:56:42
3344,เลขานุการด้านการแพทย์,1,13/05/2022 16:56:49
3351,เจ้าหน้าที่ประจำด่านศุลกากรและบริเวณพรมแดน,0,13/05/2022 16:56:54
3352,เจ้าหน้าที่สรรพากรและสรรพสามิตของรัฐ,0,13/05/2022 16:57:00
3353,เจ้าหน้าที่ด้านการดูแลสิทธิประโยชน์ทางสังคมของรัฐ,1,13/05/2022 16:57:05
3354,เจ้าหน้าที่ด้านการออกใบอนุญาตของรัฐ,1,13/05/2022 16:57:13
3355,ตำรวจสืบสวนและนักสืบ,0,13/05/2022 16:57:20
3359,ผู้ประกอบวิชาชีพที่เกี่ยวข้องกับด้านกฎระเบียบของรัฐ  ซึ่งมิได้จัดประเภทไว้ในที่อื่น,0,13/05/2022 16:57:25
3411,ผู้ประกอบวิชาชีพที่เกี่ยวข้องกับกฎหมายและงานที่เกี่ยวข้อง,1,13/05/2022 16:57:33
3412,ผู้ประกอบวิชาชีพที่เกี่ยวข้องกับงานสังคมสงเคราะห์,0,13/05/2022 16:57:40
3413,ผู้ประกอบวิชาชีพที่เกี่ยวข้องกับศาสนา,0,13/05/2022 16:57:47
3421,นักกรีฑาและนักกีฬา,0,13/05/2022 16:57:52
3422,เจ้าหน้าที่และผู้ฝึกสอนกีฬา,0,13/05/2022 16:57:57
3423,ผู้ฝึกสอนและผู้ดูแลโปรแกรมการสร้างสมรรถภาพของร่างกายและการนันทนาการ,0,13/05/2022 16:58:02
3431,ช่างถ่ายภาพ,10,13/05/2022 16:58:09
3432,นักออกแบบตกแต่งภายในและมัณฑนากร,0,13/05/2022 16:58:14
3433,ช่างเทคนิคดูแลห้องแสดงภาพ  ห้องสมุด  และพิพิธภัณฑ์,0,13/05/2022 16:58:19
3434,หัวหน้าพ่อครัว/ แม่ครัว,0,13/05/2022 16:58:25
3435,ผู้ประกอบวิชาชีพ ที่เกี่ยวข้องกับด้านศิลปะ วัฒนธรรม  ซึ่งมิได้จัดประเภทไว้ในที่อื่น,0,13/05/2022 16:58:30
3511,ช่างเทคนิคปฏิบัติการด้านเทคโนโลยีสารสนเทศและการสื่อสาร,0,13/05/2022 16:58:38
3512,ช่างเทคนิคให้ความช่วยเหลือและแก้ปัญหาด้านเทคโนโลยีสารสนเทศและการสื่อสารกับผู้ใช้งาน,0,13/05/2022 16:58:44
3513,ช่างเทคนิคด้านเครือข่ายและระบบคอมพิวเตอร์,0,13/05/2022 16:58:51
3514,ช่างเทคนิคด้านเว็บไซต์,1,13/05/2022 16:58:56
3521,ช่างเทคนิคด้านการแพร่ภาพกระจายเสียงและโสตทัศนูปกรณ์,0,13/05/2022 16:59:02
3522,ช่างเทคนิควิศวกรโทรคมนาคม,0,13/05/2022 16:59:08
4110,เสมียนทั่วไป,5,13/05/2022 16:59:12
4120,เลขานุการทั่วไป,4,13/05/2022 16:59:17
4131,พนักงานพิมพ์ดีดและเจ้าหน้าที่เครื่องประมวลผลคำ,0,13/05/2022 16:59:22
4132,เจ้าหน้าที่บันทึกข้อมูล,39,13/05/2022 16:59:29
4211,เสมียนรับฝาก- ถอนเงินของธนาคาร  และเสมียนที่เกี่ยวข้อง,0,13/05/2022 16:59:36
4212,เจ้ามือรับพนัน  คนเก็บและจ่ายเงินพนัน  และพนักงานที่เกี่ยวข้องกับการพนัน,0,13/05/2022 16:59:43
4213,เสมียนโรงรับจำนำและผู้ให้กู้ยืมเงิน,0,13/05/2022 16:59:51
4214,พนักงานเร่งรัดหนี้สินและพนักงานที่เกี่ยวข้อง,0,13/05/2022 16:59:56
4221,เสมียนและเจ้าหน้าที่ให้คำปรึกษาด้านการท่องเที่ยว,0,13/05/2022 17:00:03
4222,พนักงานศูนย์บริการข้อมูลข่าวสาร,0,13/05/2022 17:00:11
4223,พนักงานควบคุมแผงเครื่องติดต่อทางโทรศัพท์ (พนักงานต่อโทรศัพท์),0,13/05/2022 17:00:17
4224,พนักงานต้อนรับของโรงแรม,3,13/05/2022 17:00:24
4225,พนักงานบริการติดต่อสอบถาม,8,13/05/2022 17:00:30
4226,พนักงานต้อนรับทั่วไป,3,13/05/2022 17:00:36
4227,พนักงานสัมภาษณ์ในโครงการสำรวจและวิจัยตลาด,0,13/05/2022 17:00:40
4229,พนักงานให้บริการข้อมูลข่าวสารแก่ลูกค้า   ซึ่งมิได้จัดประเภทไว้ในที่อื่น,0,13/05/2022 17:00:46
4311,เสมียนด้านบัญชีและการลงรายการบัญชี,0,13/05/2022 17:00:52
4312,เสมียนด้านสถิติ  การเงิน  และการประกันภัย,0,13/05/2022 17:00:57
4313,เสมียนงานเงินเดือน,8,13/05/2022 17:01:02
4321,เสมียนคลังสินค้า,1,13/05/2022 17:01:07
4322,เสมียนด้านการผลิต,15,13/05/2022 17:01:11
4323,เสมียนด้านการขนส่ง,3,13/05/2022 17:01:17
4411,เสมียนห้องสมุด,0,13/05/2022 17:01:22
4412,เสมียนรับส่งและแยกประเภทจดหมาย  ไปรษณียภัณฑ์,0,13/05/2022 17:01:27
4413,เสมียนลงรหัส   เสมียนพิสูจน์อักษร  และเสมียนที่เกี่ยวข้อง,0,13/05/2022 17:01:32
4414,เสมียนช่วยกรอกแบบฟอร์มและเจ้าหน้าที่ที่เกี่ยวข้อง,0,13/05/2022 17:01:38
4415,เสมียนจัดเก็บและทำสำเนาเอกสาร,0,13/05/2022 17:01:44
4416,เสมียนด้านบุคลากร,0,13/05/2022 17:01:49
4419,เสมียนอื่นๆ ซึ่งมิได้จัดประเภทไว้ในที่อื่น,0,13/05/2022 17:01:54
5111,พนักงานต้อนรับและบริการในการเดินทาง,20,13/05/2022 17:02:00
5112,พนักงานดูแลและเก็บค่าโดยสารยานพาหนะ,0,13/05/2022 17:02:10
5113,มัคคุเทศก์,1,13/05/2022 17:02:16
5120,พ่อครัว/แม่ครัว,10,13/05/2022 17:02:20
5131,พนักงานเสิร์ฟอาหารและเครื่องดื่ม,8,13/05/2022 17:02:26
5132,พนักงานผสมเครื่องดื่ม (บาร์เทนเดอร์),0,13/05/2022 17:02:32
5141,ช่างแต่งผม,1,13/05/2022 17:02:38
5142,ช่างเสริมสวยและผู้ปฏิบัติงานที่เกี่ยวข้อง,1,13/05/2022 17:02:42
5151,หัวหน้าคุมงานด้านการทำความสะอาดและงานแม่บ้านในสำนักงาน โรงแรม และสถานประกอบการอื่นๆ,0,13/05/2022 17:02:48
5152,พนักงานดูแลงานบ้าน/แม่บ้าน,19,13/05/2022 17:02:56
5153,พนักงานดูแลความเรียบร้อยของอาคารสถานที่,3,13/05/2022 17:03:02
5161,โหร ผู้ทำนายโชคชะตา  และผู้ประกอบอาชีพที่เกี่ยวข้อง,0,13/05/2022 17:03:09
5162,เพื่อนร่วมกิจกรรมและผู้ดูแลของใช้ส่วนตัว,0,13/05/2022 17:03:15
5163,สัปเหร่อและเจ้าหน้าที่ฉีดยาศพ,0,13/05/2022 17:03:21
5164,ช่างตัดแต่งขนสัตว์เลี้ยงและพนักงานดูแลสัตว์เลี้ยง,0,13/05/2022 17:03:26
5165,ครูสอนขับรถ,1,13/05/2022 17:03:32
5169,พนักงานบริการส่วนบุคคล  ซึ่งมิได้จัดประเภทไว้ในที่อื่น,0,13/05/2022 17:03:36
5211,ผู้จำหน่ายสินค้าตามแผงลอยและตลาด,0,13/05/2022 17:03:41
5212,ผู้จำหน่ายอาหารตามถนน,0,13/05/2022 17:03:47
5221,เจ้าของร้านค้า,76,13/05/2022 17:03:53
5222,หัวหน้าคุมงานในร้านค้า,4,13/05/2022 17:04:02
5223,พนักงานช่วยขายในร้านค้า,35,13/05/2022 17:04:08
5230,พนักงานแคชเชียร์และเสมียนขายตั๋ว,0,13/05/2022 17:04:15
5241,นายแบบและนางแบบแฟชั่น  และผู้แสดงแบบอื่นๆ,0,13/05/2022 17:04:20
5242,พนักงานสาธิตสินค้า,11,13/05/2022 17:04:26
5243,ผู้จำหน่ายสินค้าตามบ้าน,6,13/05/2022 17:04:32
5244,พนักงานขายในศูนย์บริการลูกค้า,10,13/05/2022 17:04:37
5245,พนักงานบริการในสถานีบริการน้ำมันเชื้อเพลิง,0,13/05/2022 17:04:42
5246,พนักงานเคาน์เตอร์บริการอาหาร,0,13/05/2022 17:04:49
5249,ผู้จำหน่ายสินค้าอื่นๆ ซึ่งมิได้จัดประเภทไว้ในที่อื่น,0,13/05/2022 17:04:54
5311,ผู้ปฏิบัติงานดูแลเด็ก,2,13/05/2022 17:05:00
5312,ครูผู้ช่วย,10,13/05/2022 17:05:05
5321,ผู้ช่วยงานดูแลสุขภาพ,59,13/05/2022 17:05:16
5322,ผู้ดูแลส่วนบุคคลตามบ้าน,3,13/05/2022 17:05:24
5329,ผู้ดูแลส่วนบุคคลด้านสุขภาพ  ซึ่งมิได้จัดประเภทไว้ในที่อื่น,0,13/05/2022 17:05:29
5411,พนักงานดับเพลิง,9,13/05/2022 17:05:35
5412,เจ้าหน้าที่ตำรวจ,9,13/05/2022 17:05:40
5413,ผู้คุมนักโทษ,0,13/05/2022 17:05:46
5414,พนักงานรักษาความปลอดภัย,84,13/05/2022 17:05:52
5419,ผู้ให้บริการด้านการป้องกันภัย  ซึ่งมิได้จัดประเภทไว้ในที่อื่น,0,13/05/2022 17:06:01
6111,ผู้ปฏิบัติงานด้านการปลูกพืชไร่และพืชผัก,0,13/05/2022 17:06:07
6112,ผู้ปฏิบัติงานด้านการปลูกไม้ยืนต้นและไม้ผล,0,13/05/2022 17:06:13
6113,ผู้ปฏิบัติงานด้านการปลูกพืชสวน  ไม้ดอกไม้ประดับ  และพืชในเรือนเพาะชำ,0,13/05/2022 17:06:21
6114,ผู้ปฏิบัติงานด้านการปลูกพืชแบบผสมผสาน,0,13/05/2022 17:06:28
6121,ผู้เลี้ยงปศุสัตว์และผลิตผลิตภัณฑ์นม,0,13/05/2022 17:06:33
6122,ผู้เลี้ยงสัตว์ปีก,0,13/05/2022 17:06:39
6123,ผู้เลี้ยงผึ้งและไหม,0,13/05/2022 17:06:43
6129,ผู้เลี้ยงสัตว์เพื่อการค้าขาย  ซึ่งมิได้จัดประเภทไว้ในที่อื่น,0,13/05/2022 17:06:49
6130,ผู้ปฏิบัติงานด้านการปลูกพืชร่วมกับการเลี้ยงสัตว์,0,13/05/2022 17:06:55
6210,ผู้ปฏิบัติงานด้านการป่าไม้และงานที่เกี่ยวข้อง,0,13/05/2022 17:07:01
6221,ผู้ปฏิบัติงานด้านการเพาะเลี้ยงสัตว์น้ำ,0,13/05/2022 17:07:07
6222,ผู้ปฏิบัติงานด้านการประมงน้ำจืดและประมงชายฝั่งทะเล,0,13/05/2022 17:07:13
6223,ผู้ปฏิบัติงานด้านการประมงทะเลน้ำลึก,0,13/05/2022 17:07:19
6224,ผู้ปฏิบัติงานด้านการล่าสัตว์และวางกับดักสัตว์ต่างๆ,0,13/05/2022 17:07:24
6310,ผู้ปฏิบัติงานด้านการปลูกพืชเพื่อการดำรงชีพ,0,13/05/2022 17:07:30
6320,ผู้ปฏิบัติงานด้านการเลี้ยงสัตว์เพื่อการดำรงชีพ,0,13/05/2022 17:07:36
6330,ผู้ปฏิบัติงานด้านการปลูกพืชร่วมกับการเลี้ยงสัตว์เพื่อการดำรงชีพ,0,13/05/2022 17:07:43
6340,ผู้ปฏิบัติงานด้านการประมง  ล่าสัตว์  และเก็บพืชผลเพื่อการดำรงชีพ,0,13/05/2022 17:07:49
7111,ช่างก่อสร้างที่อยู่อาศัย,36,13/05/2022 17:07:56
7112,ช่างก่ออิฐและผู้ปฏิบัติงานที่เกี่ยวข้อง,0,13/05/2022 17:08:06
7113,ช่างหิน ตัดหิน  เจาะสกัดหิน  และแกะหิน,0,13/05/2022 17:08:12
7114,ช่างหล่อเทคอนกรีต  ตกแต่งผิวซีเมนต์  และผู้ปฏิบัติงานที่เกี่ยวข้อง,0,13/05/2022 17:08:19
7115,ช่างไม้,40,13/05/2022 17:08:26
7119,ช่างก่อสร้างโครงสร้างอาคาร  สิ่งปลูกสร้าง  และผู้ปฏิบัติงานที่เกี่ยวข้อง  ซึ่งมิได้จัดประเภทไว้ในที่อื่น,0,13/05/2022 17:08:34
7121,ช่างมุงหลังคา,0,13/05/2022 17:08:42
7122,ช่างปูพื้นและกระเบื้อง,7,13/05/2022 17:08:47
7123,ช่างฉาบปูนและตกแต่งงานปูน,0,13/05/2022 17:08:53
7124,ช่างติดตั้งฉนวน,6,13/05/2022 17:08:58
7125,ช่างติดกระจก,6,13/05/2022 17:09:04
7126,ช่างประปาและวางท่อ,0,13/05/2022 17:09:09
7127,ช่างเครื่องระบบปรับอากาศและระบบทำความเย็น,14,13/05/2022 17:09:19
7131,ช่างทาสีและผู้ปฏิบัติงานที่เกี่ยวข้อง,0,13/05/2022 17:09:26
7132,ช่างพ่นสีและขัดเงา,0,13/05/2022 17:09:31
7133,ช่างทำความสะอาดโครงสร้างอาคาร  สิ่งปลูกสร้าง,0,13/05/2022 17:09:38
7211,ช่างทำแบบหล่อโลหะและแกนแบบหล่อโลหะ,0,13/05/2022 17:09:43
7212,ช่างเชื่อมและช่างตัดโลหะด้วยเปลวไฟ,0,13/05/2022 17:09:50
7213,ช่างโลหะแผ่น,1,13/05/2022 17:09:56
7214,ช่างเตรียมและติดตั้งโครงสร้างโลหะ,0,13/05/2022 17:10:01
7215,ช่างติดตั้งเครื่องยกและฟั่นต่อสายเคเบิล,0,13/05/2022 17:10:08
7221,ช่างเหล็ก  ช่างตีเหล็ก  และช่างคุมเครื่องอัดขึ้นรูปโลหะ,0,13/05/2022 17:10:13
7222,ช่างทำเครื่องมือและผู้ปฏิบัติงานที่เกี่ยวข้อง,3,13/05/2022 17:10:19
7223,ช่างปรับตั้งและใช้เครื่องมือกลงานโลหะ,0,13/05/2022 17:10:25
7224,ช่างขัดเงาโลหะ  ช่างเจียระไนโลหะ และช่างลับเครื่องมือ,0,13/05/2022 17:10:31
7231,ช่างเครื่องและช่างซ่อมเครื่องยนต์ยานยนต์,0,13/05/2022 17:10:37
7232,ช่างเครื่องและช่างปรับเครื่องยนต์อากาศยาน,0,13/05/2022 17:10:43
7233,ช่างเครื่องและช่างปรับเครื่องจักรกลทางการเกษตรหรืออุตสาหกรรม,0,13/05/2022 17:10:49
7234,ช่างซ่อมรถจักรยานและผู้ปฏิบัติงานที่เกี่ยวข้อง,0,13/05/2022 17:10:55
7311,ช่างทำและซ่อมเครื่องมือที่มีความเที่ยงตรงแม่นยำ,0,13/05/2022 17:11:02
7312,ช่างทำเครื่องดนตรีและปรับเสียงดนตรี,0,13/05/2022 17:11:08
7313,ช่างทำเครื่องเพชรพลอยและรูปพรรณ  และโลหะมีค่า,0,13/05/2022 17:11:13
7314,ช่างทำเครื่องปั้นดินเผาและผู้ปฏิบัติงานที่เกี่ยวข้อง,0,13/05/2022 17:11:19
7315,ช่างทำเครื่องแก้ว  ช่างตัด  ช่างเจียระไน  และช่างตกแต่งเครื่องแก้ว,0,13/05/2022 17:11:25
7316,ช่างเขียนเครื่องหมาย ช่างลงสี  ช่างแกะสลัก  และช่างกัดลายแก้ว,0,13/05/2022 17:11:31
7317,ช่างงานหัตถกรรมไม้  เครื่องจักสาน และวัสดุที่เกี่ยวข้อง,0,13/05/2022 17:11:38
7318,ช่างงานหัตถกรรมสิ่งทอ  เครื่องหนัง  และวัสดุที่เกี่ยวข้อง,0,13/05/2022 17:11:44
7319,ช่างงานหัตถกรรม   ซึ่งมิได้จัดประเภทไว้ในที่อื่น,0,13/05/2022 17:11:50
7321,ช่างเทคนิคงานก่อนงานพิมพ์,0,13/05/2022 17:11:55
7322,ช่างพิมพ์,118,13/05/2022 17:12:00
7323,ช่างตกแต่งงานพิมพ์และเข้าเล่ม,0,13/05/2022 17:12:11
7411,ช่างเดินสายไฟภายในอาคารและอุปกรณ์ไฟฟ้าที่เกี่ยวข้อง,0,13/05/2022 17:12:17
7412,ช่างเครื่องและช่างปรับอุปกรณ์ไฟฟ้า,6,13/05/2022 17:12:24
7413,ช่างติดตั้งและซ่อมสายส่งกระแสไฟฟ้า,0,13/05/2022 17:12:29
7421,ช่างเครื่องและผู้ให้บริการด้านอุปกรณ์อิเล็กทรอนิกส์,4,13/05/2022 17:12:36
7422,ช่างติดตั้งและผู้ให้บริการด้านอุปกรณ์เทคโนโลยีสารสนเทศและการสื่อสาร,0,13/05/2022 17:12:43
7511,ผู้ฆ่าชำแหละเนื้อสัตว์และสัตว์น้ำ  และผู้จัดเตรียมอาหารที่เกี่ยวข้อง,0,13/05/2022 17:12:49
7512,ผู้ทำขนมปัง ขนมเค้ก  ขนมหวาน  และลูกกวาด,0,13/05/2022 17:12:57
7513,ผู้ผลิตผลิตภัณฑ์นม,20,13/05/2022 17:13:02
7514,ผู้ถนอมผลไม้  พืชผัก  และผู้ถนอมอาหารที่เกี่ยวข้อง,0,13/05/2022 17:13:09
7515,ผู้ชิมรสและจัดระดับชั้นคุณภาพของอาหารและเครื่องดื่ม,0,13/05/2022 17:13:15
7516,ผู้เตรียมใบยาสูบและผลิตผลิตภัณฑ์ยาสูบ,0,13/05/2022 17:13:23
7521,ช่างอัดน้ำยาและอบไม้,0,13/05/2022 17:13:29
7522,ช่างทำเฟอร์นิเจอร์ไม้และผู้ปฏิบัติงานที่เกี่ยวข้อง,0,13/05/2022 17:13:33
7523,ช่างปรับตั้งและใช้เครื่องจักรงานไม้,0,13/05/2022 17:13:39
7531,ช่างตัดเย็บเสื้อผ้า   ช่างทำเสื้อผ้าขนสัตว์  และช่างทำหมวก,0,13/05/2022 17:13:45
7532,ช่างสร้างแบบและตัดวัสดุเพื่อผลิตเครื่องแต่งกายและสิ่งของที่เกี่ยวข้อง,0,13/05/2022 17:13:50
7533,ช่างเย็บ  ช่างปัก  และผู้ปฏิบัติงานที่เกี่ยวข้อง,0,13/05/2022 17:13:56
7534,ช่างหุ้มเบาะและผู้ปฏิบัติงานที่เกี่ยวข้อง,0,13/05/2022 17:14:04
7535,ช่างตกแต่งหนังสัตว์ ช่างฟอกหนัง  และช่างถากหนังขูดขนสัตว์,0,13/05/2022 17:14:10
7536,ช่างทำรองเท้าและผู้ปฏิบัติงานที่เกี่ยวข้อง,0,13/05/2022 17:14:16
7541,ผู้ปฏิบัติงานใต้น้ำ,4,13/05/2022 17:14:21
7542,ผู้ปฏิบัติงานด้านวัตถุระเบิดและผู้ปฏิบัติงานจุดระเบิด,0,13/05/2022 17:14:27
7543,ผู้คัดคุณภาพและทดสอบผลิตภัณฑ์  (ยกเว้นอาหารและเครื่องดื่ม),0,13/05/2022 17:14:34
7544,ผู้รมยาและกำจัดแมลงและสัตว์ศัตรูพืช,0,13/05/2022 17:14:42
7549,ช่างฝีมืออื่นๆ  และผู้ปฏิบัติงานที่เกี่ยวข้อง  ซึ่งมิได้จัดประเภทไว้ในที่อื่น,0,13/05/2022 17:14:46
8111,ผู้ปฏิบัติงานในเหมืองแร่และเหมืองหิน,0,13/05/2022 17:14:53
8112,ผู้ควบคุมเครื่องจักรโรงงานแปรรูปแร่และหิน,0,13/05/2022 17:14:58
8113,ผู้ควบคุมเครื่องจักรขุดเจาะบ่อและผู้ปฏิบัติงานที่เกี่ยวข้อง,0,13/05/2022 17:15:04
8114,ผู้ควบคุมเครื่องจักรผลิตผลิตภัณฑ์ซีเมนต์  หิน  และแร่อื่นๆ,0,13/05/2022 17:15:10
8121,ผู้ควบคุมเครื่องจักรโรงงานแปรรูปโลหะ,0,13/05/2022 17:15:17
8122,ผู้ควบคุมเครื่องจักรตกแต่ง  ชุบ  และเคลือบผิวโลหะ,0,13/05/2022 17:15:23
8131,ผู้ควบคุมเครื่องจักรโรงงานและเครื่องจักรผลิตผลิตภัณฑ์เคมี,0,13/05/2022 17:15:28
8132,ผู้ควบคุมเครื่องจักรผลิตผลิตภัณฑ์ด้านการถ่ายภาพ,0,13/05/2022 17:15:35
8141,ผู้ควบคุมเครื่องจักรผลิตผลิตภัณฑ์ยาง,7,13/05/2022 17:15:41
8142,ผู้ควบคุมเครื่องจักรผลิตผลิตภัณฑ์พลาสติก,0,13/05/2022 17:15:48
8143,ผู้ควบคุมเครื่องจักรผลิตผลิตภัณฑ์กระดาษ,0,13/05/2022 17:15:54
8151,ผู้ควบคุมเครื่องจักรจัดเตรียมเส้นใย  ปั่น  และกรอเส้นใย,0,13/05/2022 17:16:01
8152,ผู้ควบคุมเครื่องจักรทอผ้าและเครื่องจักรถักนิต,0,13/05/2022 17:16:07
8153,ผู้ควบคุมเครื่องจักรเย็บผ้า,1,13/05/2022 17:16:13
8154,ผู้ควบคุมเครื่องจักรฟอก  ย้อม  และทำความสะอาดเส้นใย,0,13/05/2022 17:16:19
8155,ผู้ควบคุมเครื่องจักรจัดเตรียมขนสัตว์และหนังฟอก,0,13/05/2022 17:16:28
8156,ผู้ควบคุมเครื่องจักรทำรองเท้าและเครื่องจักรที่เกี่ยวข้อง,1,13/05/2022 17:16:35
8157,ผู้ควบคุมเครื่องจักรด้านการซักรีด,0,13/05/2022 17:16:41
8159,ผู้ควบคุมเครื่องจักรผลิตผลิตภัณฑ์สิ่งทอ ขนสัตว์  และหนังฟอก  ซึ่งมิได้จัดประเภทไว้ในที่อื่น,0,13/05/2022 17:16:48
8160,ผู้ควบคุมเครื่องจักรผลิตผลิตภัณฑ์อาหารและผลิตภัณฑ์ที่เกี่ยวข้อง,0,13/05/2022 17:16:56
8171,ผู้ควบคุมเครื่องจักรโรงงานผลิตเยื่อกระดาษและกระดาษ,0,13/05/2022 17:17:03
8172,ผู้ควบคุมเครื่องจักรโรงงานแปรรูปไม้,0,13/05/2022 17:17:09
8181,ผู้ปฏิบัติงานเครื่องจักรโรงงานผลิตแก้วและเซรามิก,0,13/05/2022 17:17:15
8182,ผู้ปฏิบัติงานเครื่องจักรไอน้ำและหม้อน้ำ (boiler),0,13/05/2022 17:17:21
8183,ผู้ปฏิบัติงานเครื่องจักรที่ใช้ในการห่อและบรรจุผลิตภัณฑ์   การบรรจุขวด  และการติดฉลาก,0,13/05/2022 17:17:27
8189,ผู้ควบคุมเครื่องจักรโรงงานและเครื่องจักรอื่นๆ  ชนิดติดตั้งประจำที่   ซึ่งมิได้จัดประเภทไว้ในที่อื่น,0,13/05/2022 17:17:35
8211,ผู้ประกอบเครื่องจักรกล,10,13/05/2022 17:17:42
8212,ผู้ประกอบอุปกรณ์ไฟฟ้าและอิเล็กทรอนิกส์,8,13/05/2022 17:17:48
8219,ผู้ปฏิบัติงานด้านการประกอบ  ซึ่งมิได้จัดประเภทไว้ในที่อื่น,0,13/05/2022 17:17:54
8311,ผู้ขับหัวรถจักร,0,13/05/2022 17:18:00
8312,พนักงานห้ามล้อรถไฟ   พนักงานส่งสัญญาณรถไฟ  และพนักงานสับเปลี่ยนรถไฟ,0,13/05/2022 17:18:05
8321,ผู้ขับขี่รถจักรยานยนต์,34,13/05/2022 17:18:12
8322,ผู้ขับรถยนต์ รถแท็กซี่  และรถตู้,0,13/05/2022 17:18:19
8331,ผู้ขับรถโดยสารและรถราง,0,13/05/2022 17:18:24
8332,ผู้ขับรถบรรทุกขนาดใหญ่,0,13/05/2022 17:18:29
8341,ผู้ควบคุมเครื่องจักรโรงงานชนิดเคลื่อนที่ได้ที่ใช้ในด้านการเกษตรและป่าไม้,0,13/05/2022 17:18:36
8342,ผู้ควบคุมเครื่องจักรขนย้ายดินและหิน   และเครื่องจักรโรงงานที่เกี่ยวข้อง,0,13/05/2022 17:18:42
8343,ผู้ควบคุมปั้นจั่น รอกยก และเครื่องจักรโรงงานที่เกี่ยวข้อง,0,13/05/2022 17:18:49
8344,ผู้ควบคุมรถยกสินค้า,2,13/05/2022 17:18:57
8350,ลูกเรือบนเรือและผู้ปฏิบัติงานอื่นๆ ที่เกี่ยวข้อง,0,13/05/2022 17:19:01
9111,คนงานและผู้ช่วยทำความสะอาดที่พักอาศัย,0,13/05/2022 17:19:06
9112,คนงาน และผู้ช่วยทำความสะอาดสำนักงาน โรงแรม  และสถานประกอบการอื่นๆ,0,13/05/2022 17:19:12
9121,คนงานซักรีดเสื้อผ้าด้วยมือ,0,13/05/2022 17:19:18
9122,คนงานทำความสะอาดยานพาหนะ,2,13/05/2022 17:19:23
9123,คนงานทำความสะอาดหน้าต่าง,3,13/05/2022 17:19:28
9129,คนงานทำความสะอาดอื่นๆ,7,13/05/2022 17:19:33
9211,คนงานปลูกพืชผัก,0,13/05/2022 17:19:39
9212,คนงานเลี้ยงสัตว์,6,13/05/2022 17:19:44
9213,คนงานปลูกพืชร่วมกับเลี้ยงสัตว์,0,13/05/2022 17:19:50
9214,คนงานปลูกพืชสวนและไม้ดอกไม้ประดับ ,0,13/05/2022 17:19:57
9215,คนงานป่าไม้,7,13/05/2022 17:20:02
9216,คนงานประมงและเพาะเลี้ยงสัตว์น้ำ,0,13/05/2022 17:20:08
9311,คนงานเหมืองแร่และเหมืองหิน,0,13/05/2022 17:20:12
9312,คนงานก่อสร้างและบำรุงรักษาถนน  เขื่อน  และงานวิศวกรรมโยธาอื่นๆ ที่คล้ายกัน,0,13/05/2022 17:20:17
9313,คนงานก่อสร้างอาคาร  สิ่งปลูกสร้าง,0,13/05/2022 17:20:24
9321,คนงานบรรจุผลิตภัณฑ์ด้วยมือ,0,13/05/2022 17:20:29
9329,คนงานด้านการผลิต  ซึ่งมิได้จัดประเภทไว้ในที่อื่น,0,13/05/2022 17:20:35
9331,คนงานขับเคลื่อนยานพาหนะโดยใช้มือหรือเท้า,0,13/05/2022 17:20:41
9332,คนงานขับเคลื่อนยานพาหนะและเครื่องจักรต่าง ๆ ที่ลากจูงโดยสัตว์,0,13/05/2022 17:20:47
9333,คนงานขนถ่ายสินค้า,3,13/05/2022 17:20:53
9334,คนงานเติมสินค้าบนชั้นวาง,3,13/05/2022 17:20:59
9411,ผู้ประกอบอาหารจานด่วน,0,13/05/2022 17:21:04
9412,ผู้ช่วยงานครัว,39,13/05/2022 17:21:10
9510,ผู้ให้บริการตามถนนและสถานที่ที่คล้ายกัน,0,13/05/2022 17:21:17
9520,ผู้จำหน่ายสินค้าตามถนน  (ยกเว้นอาหารพร้อมบริโภค),0,13/05/2022 17:21:22
9611,คนเก็บขยะและวัสดุที่สามารถนำกลับมาใช้ใหม่,0,13/05/2022 17:21:29
9612,คนงานคัดแยกขยะ,0,13/05/2022 17:21:34
9613,คนกวาดถนนและผู้ใช้แรงงานที่เกี่ยวข้อง,0,13/05/2022 17:21:39
9621,พนักงานรับส่งข่าวสาร หีบห่อสิ่งของ  และสัมภาระ,0,13/05/2022 17:21:45
9622,คนงานรับจ้างทั่วไป,0,13/05/2022 17:21:50
9623,คนจดมาตรวัดและเก็บเงินจากเครื่องจำหน่ายสินค้าอัตโนมัติ,0,13/05/2022 17:21:55
9624,คนตักน้ำและเก็บฟืน,0,13/05/2022 17:22:01
9629,ผู้ประกอบอาชีพงานพื้นฐานอื่นๆ ซึ่งมิได้จัดประเภทไว้ในที่อื่น,0,13/05/2022 17:22:05
